{
  "project_info": {
    "project_id": "afirma-ui-android",
    "project_number": "926859653493",
    "name": "afirma-ui-android"
  },
  "client": [
    {
      "client_info": {
        "mobilesdk_app_id": "1:926859653493:android:3a55db6ec1f0c298",
        "client_id": "android:es.gob.afirma.android",
        "client_type": 1,
        "android_client_info": {
          "package_name": "es.gob.afirma.android"
        }
      },
      "oauth_client": [],
      "api_key": [],
      "services": {
        "analytics_service": {
          "status": 2,
          "analytics_property": {
            "tracking_id": "UA-72883279-1"
          }
        },
        "cloud_messaging_service": {
          "status": 1,
          "apns_config": []
        },
        "appinvite_service": {
          "status": 1,
          "other_platform_oauth_client": []
        },
        "google_signin_service": {
          "status": 1
        },
        "ads_service": {
          "status": 1
        }
      }
    },
    {
      "client_info": {
        "mobilesdk_app_id": "1:926859653493:android:508a19897982fdbb",
        "client_id": "android:es.gob.afirma",
        "client_type": 1,
        "android_client_info": {
          "package_name": "es.gob.afirma"
        }
      },
      "oauth_client": [],
      "api_key": [],
      "services": {
        "analytics_service": {
          "status": 2,
          "analytics_property": {
            "tracking_id": "UA-72883279-2"
          }
        },
        "cloud_messaging_service": {
          "status": 1,
          "apns_config": []
        },
        "appinvite_service": {
          "status": 1,
          "other_platform_oauth_client": []
        },
        "google_signin_service": {
          "status": 1
        },
        "ads_service": {
          "status": 1
        }
      }
    }
  ],
  "client_info": [],
  "ARTIFACT_VERSION": "1"
}